,datetime,count
0,6/1/2025 0:00,0
1,6/1/2025 1:00,0
2,6/1/2025 2:00,0
3,6/1/2025 3:00,0
4,6/1/2025 4:00,0
5,6/1/2025 5:00,0
6,6/1/2025 6:00,5
7,6/1/2025 7:00,26
8,6/1/2025 8:00,10
9,6/1/2025 9:00,79
10,6/1/2025 10:00,94
11,6/1/2025 11:00,72
12,6/1/2025 12:00,144
13,6/1/2025 13:00,48
14,6/1/2025 14:00,57
15,6/1/2025 15:00,19
16,6/1/2025 16:00,44
17,6/1/2025 17:00,37
18,6/1/2025 18:00,16
19,6/1/2025 19:00,7
20,6/1/2025 20:00,0
21,6/1/2025 21:00,0
22,6/1/2025 22:00,0
23,6/1/2025 23:00,0
24,6/2/2025 0:00,0
25,6/2/2025 1:00,0
26,6/2/2025 2:00,0
27,6/2/2025 3:00,0
28,6/2/2025 4:00,0
29,6/2/2025 5:00,0
30,6/2/2025 6:00,10
31,6/2/2025 7:00,21
32,6/2/2025 8:00,20
33,6/2/2025 9:00,81
34,6/2/2025 10:00,88
35,6/2/2025 11:00,69
36,6/2/2025 12:00,148
37,6/2/2025 13:00,46
38,6/2/2025 14:00,61
39,6/2/2025 15:00,20
40,6/2/2025 16:00,40
41,6/2/2025 17:00,30
42,6/2/2025 18:00,25
43,6/2/2025 19:00,2
44,6/2/2025 20:00,0
45,6/2/2025 21:00,0
46,6/2/2025 22:00,0
47,6/2/2025 23:00,0
48,6/3/2025 0:00,0
49,6/3/2025 1:00,0
50,6/3/2025 2:00,0
51,6/3/2025 3:00,0
52,6/3/2025 4:00,0
53,6/3/2025 5:00,0
54,6/3/2025 6:00,10
55,6/3/2025 7:00,29
56,6/3/2025 8:00,11
57,6/3/2025 9:00,78
58,6/3/2025 10:00,88
59,6/3/2025 11:00,69
60,6/3/2025 12:00,142
61,6/3/2025 13:00,46
62,6/3/2025 14:00,65
63,6/3/2025 15:00,20
64,6/3/2025 16:00,45
65,6/3/2025 17:00,34
66,6/3/2025 18:00,22
67,6/3/2025 19:00,10
68,6/3/2025 20:00,0
69,6/3/2025 21:00,0
70,6/3/2025 22:00,0
71,6/3/2025 23:00,0
72,6/4/2025 0:00,0
73,6/4/2025 1:00,0
74,6/4/2025 2:00,0
75,6/4/2025 3:00,0
76,6/4/2025 4:00,0
77,6/4/2025 5:00,0
78,6/4/2025 6:00,12
79,6/4/2025 7:00,26
80,6/4/2025 8:00,18
81,6/4/2025 9:00,84
82,6/4/2025 10:00,88
83,6/4/2025 11:00,67
84,6/4/2025 12:00,150
85,6/4/2025 13:00,52
86,6/4/2025 14:00,62
87,6/4/2025 15:00,15
88,6/4/2025 16:00,42
89,6/4/2025 17:00,35
90,6/4/2025 18:00,17
91,6/4/2025 19:00,5
92,6/4/2025 20:00,0
93,6/4/2025 21:00,0
94,6/4/2025 22:00,0
95,6/4/2025 23:00,0
96,6/5/2025 0:00,0
97,6/5/2025 1:00,0
98,6/5/2025 2:00,0
99,6/5/2025 3:00,0
100,6/5/2025 4:00,0
101,6/5/2025 5:00,0
102,6/5/2025 6:00,13
103,6/5/2025 7:00,25
104,6/5/2025 8:00,14
105,6/5/2025 9:00,85
106,6/5/2025 10:00,89
107,6/5/2025 11:00,73
108,6/5/2025 12:00,140
109,6/5/2025 13:00,47
110,6/5/2025 14:00,60
111,6/5/2025 15:00,25
112,6/5/2025 16:00,45
113,6/5/2025 17:00,40
114,6/5/2025 18:00,20
115,6/5/2025 19:00,1
116,6/5/2025 20:00,0
117,6/5/2025 21:00,0
118,6/5/2025 22:00,0
119,6/5/2025 23:00,0
120,6/6/2025 0:00,0
121,6/6/2025 1:00,0
122,6/6/2025 2:00,0
123,6/6/2025 3:00,0
124,6/6/2025 4:00,0
125,6/6/2025 5:00,0
126,6/6/2025 6:00,13
127,6/6/2025 7:00,36
128,6/6/2025 8:00,25
129,6/6/2025 9:00,95
130,6/6/2025 10:00,108
131,6/6/2025 11:00,91
132,6/6/2025 12:00,185
133,6/6/2025 13:00,65
134,6/6/2025 14:00,72
135,6/6/2025 15:00,18
136,6/6/2025 16:00,43
137,6/6/2025 17:00,46
138,6/6/2025 18:00,19
139,6/6/2025 19:00,7
140,6/6/2025 20:00,0
141,6/6/2025 21:00,0
142,6/6/2025 22:00,0
143,6/6/2025 23:00,0
144,6/7/2025 0:00,0
145,6/7/2025 1:00,0
146,6/7/2025 2:00,0
147,6/7/2025 3:00,0
148,6/7/2025 4:00,0
149,6/7/2025 5:00,0
150,6/7/2025 6:00,11
151,6/7/2025 7:00,36
152,6/7/2025 8:00,22
153,6/7/2025 9:00,88
154,6/7/2025 10:00,103
155,6/7/2025 11:00,89
156,6/7/2025 12:00,167
157,6/7/2025 13:00,60
158,6/7/2025 14:00,68
159,6/7/2025 15:00,21
160,6/7/2025 16:00,52
161,6/7/2025 17:00,45
162,6/7/2025 18:00,22
163,6/7/2025 19:00,2
164,6/7/2025 20:00,0
165,6/7/2025 21:00,0
166,6/7/2025 22:00,0
167,6/7/2025 23:00,0
168,6/8/2025 0:00,0
169,6/8/2025 1:00,0
170,6/8/2025 2:00,0
171,6/8/2025 3:00,0
172,6/8/2025 4:00,0
173,6/8/2025 5:00,0
174,6/8/2025 6:00,12
175,6/8/2025 7:00,28
176,6/8/2025 8:00,18
177,6/8/2025 9:00,82
178,6/8/2025 10:00,92
179,6/8/2025 11:00,65
180,6/8/2025 12:00,150
181,6/8/2025 13:00,46
182,6/8/2025 14:00,57
183,6/8/2025 15:00,15
184,6/8/2025 16:00,37
185,6/8/2025 17:00,40
186,6/8/2025 18:00,25
187,6/8/2025 19:00,8
188,6/8/2025 20:00,0
189,6/8/2025 21:00,0
190,6/8/2025 22:00,0
191,6/8/2025 23:00,0
192,6/9/2025 0:00,0
193,6/9/2025 1:00,0
194,6/9/2025 2:00,0
195,6/9/2025 3:00,0
196,6/9/2025 4:00,0
197,6/9/2025 5:00,0
198,6/9/2025 6:00,10
199,6/9/2025 7:00,29
200,6/9/2025 8:00,10
201,6/9/2025 9:00,75
202,6/9/2025 10:00,91
203,6/9/2025 11:00,73
204,6/9/2025 12:00,147
205,6/9/2025 13:00,47
206,6/9/2025 14:00,58
207,6/9/2025 15:00,16
208,6/9/2025 16:00,43
209,6/9/2025 17:00,31
210,6/9/2025 18:00,19
211,6/9/2025 19:00,6
212,6/9/2025 20:00,0
213,6/9/2025 21:00,0
214,6/9/2025 22:00,0
215,6/9/2025 23:00,0
216,6/10/2025 0:00,0
217,6/10/2025 1:00,0
218,6/10/2025 2:00,0
219,6/10/2025 3:00,0
220,6/10/2025 4:00,0
221,6/10/2025 5:00,0
222,6/10/2025 6:00,7
223,6/10/2025 7:00,23
224,6/10/2025 8:00,10
225,6/10/2025 9:00,79
226,6/10/2025 10:00,85
227,6/10/2025 11:00,74
228,6/10/2025 12:00,147
229,6/10/2025 13:00,52
230,6/10/2025 14:00,63
231,6/10/2025 15:00,17
232,6/10/2025 16:00,43
233,6/10/2025 17:00,31
234,6/10/2025 18:00,22
235,6/10/2025 19:00,4
236,6/10/2025 20:00,0
237,6/10/2025 21:00,0
238,6/10/2025 22:00,0
239,6/10/2025 23:00,0
240,6/11/2025 0:00,0
241,6/11/2025 1:00,0
242,6/11/2025 2:00,0
243,6/11/2025 3:00,0
244,6/11/2025 4:00,0
245,6/11/2025 5:00,0
246,6/11/2025 6:00,8
247,6/11/2025 7:00,30
248,6/11/2025 8:00,19
249,6/11/2025 9:00,81
250,6/11/2025 10:00,95
251,6/11/2025 11:00,69
252,6/11/2025 12:00,140
253,6/11/2025 13:00,51
254,6/11/2025 14:00,56
255,6/11/2025 15:00,15
256,6/11/2025 16:00,40
257,6/11/2025 17:00,35
258,6/11/2025 18:00,21
259,6/11/2025 19:00,3
260,6/11/2025 20:00,0
261,6/11/2025 21:00,0
262,6/11/2025 22:00,0
263,6/11/2025 23:00,0
264,6/12/2025 0:00,0
265,6/12/2025 1:00,0
266,6/12/2025 2:00,0
267,6/12/2025 3:00,0
268,6/12/2025 4:00,0
269,6/12/2025 5:00,0
270,6/12/2025 6:00,13
271,6/12/2025 7:00,24
272,6/12/2025 8:00,16
273,6/12/2025 9:00,76
274,6/12/2025 10:00,90
275,6/12/2025 11:00,70
276,6/12/2025 12:00,148
277,6/12/2025 13:00,53
278,6/12/2025 14:00,61
279,6/12/2025 15:00,18
280,6/12/2025 16:00,37
281,6/12/2025 17:00,39
282,6/12/2025 18:00,19
283,6/12/2025 19:00,9
284,6/12/2025 20:00,0
285,6/12/2025 21:00,0
286,6/12/2025 22:00,0
287,6/12/2025 23:00,0
288,6/13/2025 0:00,0
289,6/13/2025 1:00,0
290,6/13/2025 2:00,0
291,6/13/2025 3:00,0
292,6/13/2025 4:00,0
293,6/13/2025 5:00,0
294,6/13/2025 6:00,10
295,6/13/2025 7:00,30
296,6/13/2025 8:00,20
297,6/13/2025 9:00,103
298,6/13/2025 10:00,108
299,6/13/2025 11:00,85
300,6/13/2025 12:00,165
301,6/13/2025 13:00,60
302,6/13/2025 14:00,80
303,6/13/2025 15:00,30
304,6/13/2025 16:00,45
305,6/13/2025 17:00,39
306,6/13/2025 18:00,27
307,6/13/2025 19:00,5
308,6/13/2025 20:00,0
309,6/13/2025 21:00,0
310,6/13/2025 22:00,0
311,6/13/2025 23:00,0
312,6/14/2025 0:00,0
313,6/14/2025 1:00,0
314,6/14/2025 2:00,0
315,6/14/2025 3:00,0
316,6/14/2025 4:00,0
317,6/14/2025 5:00,0
318,6/14/2025 6:00,6
319,6/14/2025 7:00,26
320,6/14/2025 8:00,12
321,6/14/2025 9:00,101
322,6/14/2025 10:00,109
323,6/14/2025 11:00,80
324,6/14/2025 12:00,177
325,6/14/2025 13:00,53
326,6/14/2025 14:00,70
327,6/14/2025 15:00,31
328,6/14/2025 16:00,41
329,6/14/2025 17:00,37
330,6/14/2025 18:00,30
331,6/14/2025 19:00,0
332,6/14/2025 20:00,0
333,6/14/2025 21:00,0
334,6/14/2025 22:00,0
335,6/14/2025 23:00,0
336,6/15/2025 0:00,0
337,6/15/2025 1:00,0
338,6/15/2025 2:00,0
339,6/15/2025 3:00,0
340,6/15/2025 4:00,0
341,6/15/2025 5:00,0
342,6/15/2025 6:00,11
343,6/15/2025 7:00,28
344,6/15/2025 8:00,15
345,6/15/2025 9:00,85
346,6/15/2025 10:00,91
347,6/15/2025 11:00,75
348,6/15/2025 12:00,150
349,6/15/2025 13:00,53
350,6/15/2025 14:00,57
351,6/15/2025 15:00,23
352,6/15/2025 16:00,40
353,6/15/2025 17:00,38
354,6/15/2025 18:00,23
355,6/15/2025 19:00,0
356,6/15/2025 20:00,0
357,6/15/2025 21:00,0
358,6/15/2025 22:00,0
359,6/15/2025 23:00,0
360,6/16/2025 0:00,0
361,6/16/2025 1:00,0
362,6/16/2025 2:00,0
363,6/16/2025 3:00,0
364,6/16/2025 4:00,0
365,6/16/2025 5:00,0
366,6/16/2025 6:00,7
367,6/16/2025 7:00,20
368,6/16/2025 8:00,15
369,6/16/2025 9:00,79
370,6/16/2025 10:00,85
371,6/16/2025 11:00,65
372,6/16/2025 12:00,141
373,6/16/2025 13:00,54
374,6/16/2025 14:00,58
375,6/16/2025 15:00,23
376,6/16/2025 16:00,36
377,6/16/2025 17:00,36
378,6/16/2025 18:00,16
379,6/16/2025 19:00,1
380,6/16/2025 20:00,0
381,6/16/2025 21:00,0
382,6/16/2025 22:00,0
383,6/16/2025 23:00,0
384,6/17/2025 0:00,0
385,6/17/2025 1:00,0
386,6/17/2025 2:00,0
387,6/17/2025 3:00,0
388,6/17/2025 4:00,0
389,6/17/2025 5:00,0
390,6/17/2025 6:00,11
391,6/17/2025 7:00,27
392,6/17/2025 8:00,13
393,6/17/2025 9:00,77
394,6/17/2025 10:00,94
395,6/17/2025 11:00,71
396,6/17/2025 12:00,146
397,6/17/2025 13:00,48
398,6/17/2025 14:00,61
399,6/17/2025 15:00,19
400,6/17/2025 16:00,38
401,6/17/2025 17:00,35
402,6/17/2025 18:00,24
403,6/17/2025 19:00,6
404,6/17/2025 20:00,0
405,6/17/2025 21:00,0
406,6/17/2025 22:00,0
407,6/17/2025 23:00,0
408,6/18/2025 0:00,0
409,6/18/2025 1:00,0
410,6/18/2025 2:00,0
411,6/18/2025 3:00,0
412,6/18/2025 4:00,0
413,6/18/2025 5:00,0
414,6/18/2025 6:00,13
415,6/18/2025 7:00,26
416,6/18/2025 8:00,14
417,6/18/2025 9:00,85
418,6/18/2025 10:00,86
419,6/18/2025 11:00,74
420,6/18/2025 12:00,148
421,6/18/2025 13:00,50
422,6/18/2025 14:00,61
423,6/18/2025 15:00,23
424,6/18/2025 16:00,38
425,6/18/2025 17:00,32
426,6/18/2025 18:00,19
427,6/18/2025 19:00,5
428,6/18/2025 20:00,0
429,6/18/2025 21:00,0
430,6/18/2025 22:00,0
431,6/18/2025 23:00,0
432,6/19/2025 0:00,0
433,6/19/2025 1:00,0
434,6/19/2025 2:00,0
435,6/19/2025 3:00,0
436,6/19/2025 4:00,0
437,6/19/2025 5:00,0
438,6/19/2025 6:00,11
439,6/19/2025 7:00,30
440,6/19/2025 8:00,16
441,6/19/2025 9:00,80
442,6/19/2025 10:00,90
443,6/19/2025 11:00,65
444,6/19/2025 12:00,146
445,6/19/2025 13:00,46
446,6/19/2025 14:00,55
447,6/19/2025 15:00,16
448,6/19/2025 16:00,44
449,6/19/2025 17:00,40
450,6/19/2025 18:00,22
451,6/19/2025 19:00,5
452,6/19/2025 20:00,0
453,6/19/2025 21:00,0
454,6/19/2025 22:00,0
455,6/19/2025 23:00,0
456,6/20/2025 0:00,0
457,6/20/2025 1:00,0
458,6/20/2025 2:00,0
459,6/20/2025 3:00,0
460,6/20/2025 4:00,0
461,6/20/2025 5:00,0
462,6/20/2025 6:00,5
463,6/20/2025 7:00,38
464,6/20/2025 8:00,11
465,6/20/2025 9:00,89
466,6/20/2025 10:00,103
467,6/20/2025 11:00,90
468,6/20/2025 12:00,173
469,6/20/2025 13:00,59
470,6/20/2025 14:00,77
471,6/20/2025 15:00,22
472,6/20/2025 16:00,50
473,6/20/2025 17:00,42
474,6/20/2025 18:00,26
475,6/20/2025 19:00,0
476,6/20/2025 20:00,0
477,6/20/2025 21:00,0
478,6/20/2025 22:00,0
479,6/20/2025 23:00,0
480,6/21/2025 0:00,0
481,6/21/2025 1:00,0
482,6/21/2025 2:00,0
483,6/21/2025 3:00,0
484,6/21/2025 4:00,0
485,6/21/2025 5:00,0
486,6/21/2025 6:00,17
487,6/21/2025 7:00,37
488,6/21/2025 8:00,19
489,6/21/2025 9:00,92
490,6/21/2025 10:00,118
491,6/21/2025 11:00,93
492,6/21/2025 12:00,188
493,6/21/2025 13:00,64
494,6/21/2025 14:00,67
495,6/21/2025 15:00,25
496,6/21/2025 16:00,56
497,6/21/2025 17:00,39
498,6/21/2025 18:00,31
499,6/21/2025 19:00,7
500,6/21/2025 20:00,0
501,6/21/2025 21:00,0
502,6/21/2025 22:00,0
503,6/21/2025 23:00,0
504,6/22/2025 0:00,0
505,6/22/2025 1:00,0
506,6/22/2025 2:00,0
507,6/22/2025 3:00,0
508,6/22/2025 4:00,0
509,6/22/2025 5:00,0
510,6/22/2025 6:00,8
511,6/22/2025 7:00,30
512,6/22/2025 8:00,13
513,6/22/2025 9:00,75
514,6/22/2025 10:00,95
515,6/22/2025 11:00,66
516,6/22/2025 12:00,148
517,6/22/2025 13:00,47
518,6/22/2025 14:00,63
519,6/22/2025 15:00,16
520,6/22/2025 16:00,43
521,6/22/2025 17:00,31
522,6/22/2025 18:00,22
523,6/22/2025 19:00,2
524,6/22/2025 20:00,0
525,6/22/2025 21:00,0
526,6/22/2025 22:00,0
527,6/22/2025 23:00,0
528,6/23/2025 0:00,0
529,6/23/2025 1:00,0
530,6/23/2025 2:00,0
531,6/23/2025 3:00,0
532,6/23/2025 4:00,0
533,6/23/2025 5:00,0
534,6/23/2025 6:00,6
535,6/23/2025 7:00,26
536,6/23/2025 8:00,17
537,6/23/2025 9:00,84
538,6/23/2025 10:00,90
539,6/23/2025 11:00,74
540,6/23/2025 12:00,147
541,6/23/2025 13:00,53
542,6/23/2025 14:00,55
543,6/23/2025 15:00,24
544,6/23/2025 16:00,41
545,6/23/2025 17:00,38
546,6/23/2025 18:00,20
547,6/23/2025 19:00,6
548,6/23/2025 20:00,0
549,6/23/2025 21:00,0
550,6/23/2025 22:00,0
551,6/23/2025 23:00,0
552,6/24/2025 0:00,0
553,6/24/2025 1:00,0
554,6/24/2025 2:00,0
555,6/24/2025 3:00,0
556,6/24/2025 4:00,0
557,6/24/2025 5:00,0
558,6/24/2025 6:00,12
559,6/24/2025 7:00,22
560,6/24/2025 8:00,10
561,6/24/2025 9:00,83
562,6/24/2025 10:00,92
563,6/24/2025 11:00,69
564,6/24/2025 12:00,145
565,6/24/2025 13:00,49
566,6/24/2025 14:00,55
567,6/24/2025 15:00,21
568,6/24/2025 16:00,39
569,6/24/2025 17:00,38
570,6/24/2025 18:00,25
571,6/24/2025 19:00,5
572,6/24/2025 20:00,0
573,6/24/2025 21:00,0
574,6/24/2025 22:00,0
575,6/24/2025 23:00,0
576,6/25/2025 0:00,0
577,6/25/2025 1:00,0
578,6/25/2025 2:00,0
579,6/25/2025 3:00,0
580,6/25/2025 4:00,0
581,6/25/2025 5:00,0
582,6/25/2025 6:00,11
583,6/25/2025 7:00,30
584,6/25/2025 8:00,16
585,6/25/2025 9:00,77
586,6/25/2025 10:00,93
587,6/25/2025 11:00,68
588,6/25/2025 12:00,146
589,6/25/2025 13:00,54
590,6/25/2025 14:00,56
591,6/25/2025 15:00,20
592,6/25/2025 16:00,42
593,6/25/2025 17:00,37
594,6/25/2025 18:00,20
595,6/25/2025 19:00,6
596,6/25/2025 20:00,0
597,6/25/2025 21:00,0
598,6/25/2025 22:00,0
599,6/25/2025 23:00,0
600,6/26/2025 0:00,0
601,6/26/2025 1:00,0
602,6/26/2025 2:00,0
603,6/26/2025 3:00,0
604,6/26/2025 4:00,0
605,6/26/2025 5:00,0
606,6/26/2025 6:00,6
607,6/26/2025 7:00,30
608,6/26/2025 8:00,15
609,6/26/2025 9:00,85
610,6/26/2025 10:00,85
611,6/26/2025 11:00,74
612,6/26/2025 12:00,147
613,6/26/2025 13:00,45
614,6/26/2025 14:00,59
615,6/26/2025 15:00,18
616,6/26/2025 16:00,39
617,6/26/2025 17:00,34
618,6/26/2025 18:00,18
619,6/26/2025 19:00,7
620,6/26/2025 20:00,0
621,6/26/2025 21:00,0
622,6/26/2025 22:00,0
623,6/26/2025 23:00,0
624,6/27/2025 0:00,0
625,6/27/2025 1:00,0
626,6/27/2025 2:00,0
627,6/27/2025 3:00,0
628,6/27/2025 4:00,0
629,6/27/2025 5:00,0
630,6/27/2025 6:00,7
631,6/27/2025 7:00,24
632,6/27/2025 8:00,18
633,6/27/2025 9:00,96
634,6/27/2025 10:00,103
635,6/27/2025 11:00,86
636,6/27/2025 12:00,174
637,6/27/2025 13:00,59
638,6/27/2025 14:00,75
639,6/27/2025 15:00,23
640,6/27/2025 16:00,51
641,6/27/2025 17:00,40
642,6/27/2025 18:00,28
643,6/27/2025 19:00,6
644,6/27/2025 20:00,0
645,6/27/2025 21:00,0
646,6/27/2025 22:00,0
647,6/27/2025 23:00,0
648,6/28/2025 0:00,0
649,6/28/2025 1:00,0
650,6/28/2025 2:00,0
651,6/28/2025 3:00,0
652,6/28/2025 4:00,0
653,6/28/2025 5:00,0
654,6/28/2025 6:00,17
655,6/28/2025 7:00,32
656,6/28/2025 8:00,23
657,6/28/2025 9:00,97
658,6/28/2025 10:00,108
659,6/28/2025 11:00,83
660,6/28/2025 12:00,174
661,6/28/2025 13:00,57
662,6/28/2025 14:00,69
663,6/28/2025 15:00,18
664,6/28/2025 16:00,50
665,6/28/2025 17:00,39
666,6/28/2025 18:00,26
667,6/28/2025 19:00,3
668,6/28/2025 20:00,0
669,6/28/2025 21:00,0
670,6/28/2025 22:00,0
671,6/28/2025 23:00,0
672,6/29/2025 0:00,0
673,6/29/2025 1:00,0
674,6/29/2025 2:00,0
675,6/29/2025 3:00,0
676,6/29/2025 4:00,0
677,6/29/2025 5:00,0
678,6/29/2025 6:00,8
679,6/29/2025 7:00,29
680,6/29/2025 8:00,16
681,6/29/2025 9:00,83
682,6/29/2025 10:00,93
683,6/29/2025 11:00,67
684,6/29/2025 12:00,145
685,6/29/2025 13:00,47
686,6/29/2025 14:00,64
687,6/29/2025 15:00,16
688,6/29/2025 16:00,39
689,6/29/2025 17:00,30
690,6/29/2025 18:00,25
691,6/29/2025 19:00,3
692,6/29/2025 20:00,0
693,6/29/2025 21:00,0
694,6/29/2025 22:00,0
695,6/29/2025 23:00,0
696,6/30/2025 0:00,0
697,6/30/2025 1:00,0
698,6/30/2025 2:00,0
699,6/30/2025 3:00,0
700,6/30/2025 4:00,0
701,6/30/2025 5:00,0
702,6/30/2025 6:00,15
703,6/30/2025 7:00,24
704,6/30/2025 8:00,20
705,6/30/2025 9:00,80
706,6/30/2025 10:00,93
707,6/30/2025 11:00,66
708,6/30/2025 12:00,149
709,6/30/2025 13:00,46
710,6/30/2025 14:00,55
711,6/30/2025 15:00,24
712,6/30/2025 16:00,35
713,6/30/2025 17:00,30
714,6/30/2025 18:00,25
715,6/30/2025 19:00,1
716,6/30/2025 20:00,0
717,6/30/2025 21:00,0
718,6/30/2025 22:00,0
719,6/30/2025 23:00,0
720,7/1/2025 0:00,0
721,7/1/2025 1:00,0
722,7/1/2025 2:00,0
723,7/1/2025 3:00,0
724,7/1/2025 4:00,0
725,7/1/2025 5:00,0
726,7/1/2025 6:00,9
727,7/1/2025 7:00,24
728,7/1/2025 8:00,18
729,7/1/2025 9:00,78
730,7/1/2025 10:00,94
731,7/1/2025 11:00,70
732,7/1/2025 12:00,149
733,7/1/2025 13:00,46
734,7/1/2025 14:00,65
735,7/1/2025 15:00,15
736,7/1/2025 16:00,38
737,7/1/2025 17:00,39
738,7/1/2025 18:00,16
739,7/1/2025 19:00,5
740,7/1/2025 20:00,0
741,7/1/2025 21:00,0
742,7/1/2025 22:00,0
743,7/1/2025 23:00,0
744,7/2/2025 0:00,0
745,7/2/2025 1:00,0
746,7/2/2025 2:00,0
747,7/2/2025 3:00,0
748,7/2/2025 4:00,0
749,7/2/2025 5:00,0
750,7/2/2025 6:00,13
751,7/2/2025 7:00,25
752,7/2/2025 8:00,14
753,7/2/2025 9:00,79
754,7/2/2025 10:00,86
755,7/2/2025 11:00,66
756,7/2/2025 12:00,146
757,7/2/2025 13:00,53
758,7/2/2025 14:00,57
759,7/2/2025 15:00,24
760,7/2/2025 16:00,39
761,7/2/2025 17:00,33
762,7/2/2025 18:00,22
763,7/2/2025 19:00,3
764,7/2/2025 20:00,0
765,7/2/2025 21:00,0
766,7/2/2025 22:00,0
767,7/2/2025 23:00,0
768,7/3/2025 0:00,0
769,7/3/2025 1:00,0
770,7/3/2025 2:00,0
771,7/3/2025 3:00,0
772,7/3/2025 4:00,0
773,7/3/2025 5:00,0
774,7/3/2025 6:00,8
775,7/3/2025 7:00,24
776,7/3/2025 8:00,19
777,7/3/2025 9:00,83
778,7/3/2025 10:00,93
779,7/3/2025 11:00,68
780,7/3/2025 12:00,149
781,7/3/2025 13:00,46
782,7/3/2025 14:00,62
783,7/3/2025 15:00,19
784,7/3/2025 16:00,42
785,7/3/2025 17:00,32
786,7/3/2025 18:00,17
787,7/3/2025 19:00,6
788,7/3/2025 20:00,0
789,7/3/2025 21:00,0
790,7/3/2025 22:00,0
791,7/3/2025 23:00,0
792,7/4/2025 0:00,0
793,7/4/2025 1:00,0
794,7/4/2025 2:00,0
795,7/4/2025 3:00,0
796,7/4/2025 4:00,0
797,7/4/2025 5:00,0
798,7/4/2025 6:00,14
799,7/4/2025 7:00,32
800,7/4/2025 8:00,20
801,7/4/2025 9:00,98
802,7/4/2025 10:00,108
803,7/4/2025 11:00,80
804,7/4/2025 12:00,170
805,7/4/2025 13:00,63
806,7/4/2025 14:00,76
807,7/4/2025 15:00,18
808,7/4/2025 16:00,49
809,7/4/2025 17:00,39
810,7/4/2025 18:00,31
811,7/4/2025 19:00,11
812,7/4/2025 20:00,0
813,7/4/2025 21:00,0
814,7/4/2025 22:00,0
815,7/4/2025 23:00,0
816,7/5/2025 0:00,0
817,7/5/2025 1:00,0
818,7/5/2025 2:00,0
819,7/5/2025 3:00,0
820,7/5/2025 4:00,0
821,7/5/2025 5:00,0
822,7/5/2025 6:00,14
823,7/5/2025 7:00,32
824,7/5/2025 8:00,16
825,7/5/2025 9:00,90
826,7/5/2025 10:00,105
827,7/5/2025 11:00,87
828,7/5/2025 12:00,183
829,7/5/2025 13:00,65
830,7/5/2025 14:00,75
831,7/5/2025 15:00,29
832,7/5/2025 16:00,43
833,7/5/2025 17:00,46
834,7/5/2025 18:00,30
835,7/5/2025 19:00,5
836,7/5/2025 20:00,0
837,7/5/2025 21:00,0
838,7/5/2025 22:00,0
839,7/5/2025 23:00,0
840,7/6/2025 0:00,0
841,7/6/2025 1:00,0
842,7/6/2025 2:00,0
843,7/6/2025 3:00,0
844,7/6/2025 4:00,0
845,7/6/2025 5:00,0
846,7/6/2025 6:00,10
847,7/6/2025 7:00,29
848,7/6/2025 8:00,18
849,7/6/2025 9:00,85
850,7/6/2025 10:00,94
851,7/6/2025 11:00,69
852,7/6/2025 12:00,146
853,7/6/2025 13:00,52
854,7/6/2025 14:00,55
855,7/6/2025 15:00,19
856,7/6/2025 16:00,39
857,7/6/2025 17:00,34
858,7/6/2025 18:00,23
859,7/6/2025 19:00,1
860,7/6/2025 20:00,0
861,7/6/2025 21:00,0
862,7/6/2025 22:00,0
863,7/6/2025 23:00,0
864,7/7/2025 0:00,0
865,7/7/2025 1:00,0
866,7/7/2025 2:00,0
867,7/7/2025 3:00,0
868,7/7/2025 4:00,0
869,7/7/2025 5:00,0
870,7/7/2025 6:00,6
871,7/7/2025 7:00,27
872,7/7/2025 8:00,18
873,7/7/2025 9:00,75
874,7/7/2025 10:00,91
875,7/7/2025 11:00,73
876,7/7/2025 12:00,143
877,7/7/2025 13:00,55
878,7/7/2025 14:00,61
879,7/7/2025 15:00,24
880,7/7/2025 16:00,39
881,7/7/2025 17:00,30
882,7/7/2025 18:00,22
883,7/7/2025 19:00,0
884,7/7/2025 20:00,0
885,7/7/2025 21:00,0
886,7/7/2025 22:00,0
887,7/7/2025 23:00,0
888,7/8/2025 0:00,0
889,7/8/2025 1:00,0
890,7/8/2025 2:00,0
891,7/8/2025 3:00,0
892,7/8/2025 4:00,0
893,7/8/2025 5:00,0
894,7/8/2025 6:00,5
895,7/8/2025 7:00,29
896,7/8/2025 8:00,20
897,7/8/2025 9:00,77
898,7/8/2025 10:00,86
899,7/8/2025 11:00,70
900,7/8/2025 12:00,145
901,7/8/2025 13:00,47
902,7/8/2025 14:00,63
903,7/8/2025 15:00,16
904,7/8/2025 16:00,40
905,7/8/2025 17:00,40
906,7/8/2025 18:00,19
907,7/8/2025 19:00,10
908,7/8/2025 20:00,0
909,7/8/2025 21:00,0
910,7/8/2025 22:00,0
911,7/8/2025 23:00,0
912,7/9/2025 0:00,0
913,7/9/2025 1:00,0
914,7/9/2025 2:00,0
915,7/9/2025 3:00,0
916,7/9/2025 4:00,0
917,7/9/2025 5:00,0
918,7/9/2025 6:00,6
919,7/9/2025 7:00,24
920,7/9/2025 8:00,16
921,7/9/2025 9:00,85
922,7/9/2025 10:00,86
923,7/9/2025 11:00,68
924,7/9/2025 12:00,150
925,7/9/2025 13:00,46
926,7/9/2025 14:00,60
927,7/9/2025 15:00,25
928,7/9/2025 16:00,36
929,7/9/2025 17:00,30
930,7/9/2025 18:00,25
931,7/9/2025 19:00,3
932,7/9/2025 20:00,0
933,7/9/2025 21:00,0
934,7/9/2025 22:00,0
935,7/9/2025 23:00,0
936,7/10/2025 0:00,0
937,7/10/2025 1:00,0
938,7/10/2025 2:00,0
939,7/10/2025 3:00,0
940,7/10/2025 4:00,0
941,7/10/2025 5:00,0
942,7/10/2025 6:00,5
943,7/10/2025 7:00,23
944,7/10/2025 8:00,18
945,7/10/2025 9:00,76
946,7/10/2025 10:00,90
947,7/10/2025 11:00,69
948,7/10/2025 12:00,149
949,7/10/2025 13:00,47
950,7/10/2025 14:00,55
951,7/10/2025 15:00,25
952,7/10/2025 16:00,37
953,7/10/2025 17:00,40
954,7/10/2025 18:00,24
955,7/10/2025 19:00,4
956,7/10/2025 20:00,0
957,7/10/2025 21:00,0
958,7/10/2025 22:00,0
959,7/10/2025 23:00,0
960,7/11/2025 0:00,0
961,7/11/2025 1:00,0
962,7/11/2025 2:00,0
963,7/11/2025 3:00,0
964,7/11/2025 4:00,0
965,7/11/2025 5:00,0
966,7/11/2025 6:00,9
967,7/11/2025 7:00,25
968,7/11/2025 8:00,17
969,7/11/2025 9:00,99
970,7/11/2025 10:00,113
971,7/11/2025 11:00,87
972,7/11/2025 12:00,182
973,7/11/2025 13:00,57
974,7/11/2025 14:00,72
975,7/11/2025 15:00,22
976,7/11/2025 16:00,43
977,7/11/2025 17:00,46
978,7/11/2025 18:00,23
979,7/11/2025 19:00,0
980,7/11/2025 20:00,0
981,7/11/2025 21:00,0
982,7/11/2025 22:00,0
983,7/11/2025 23:00,0
984,7/12/2025 0:00,0
985,7/12/2025 1:00,0
986,7/12/2025 2:00,0
987,7/12/2025 3:00,0
988,7/12/2025 4:00,0
989,7/12/2025 5:00,0
990,7/12/2025 6:00,7
991,7/12/2025 7:00,26
992,7/12/2025 8:00,11
993,7/12/2025 9:00,98
994,7/12/2025 10:00,112
995,7/12/2025 11:00,93
996,7/12/2025 12:00,186
997,7/12/2025 13:00,68
998,7/12/2025 14:00,69
999,7/12/2025 15:00,20
1000,7/12/2025 16:00,43
1001,7/12/2025 17:00,43
1002,7/12/2025 18:00,25
1003,7/12/2025 19:00,4
1004,7/12/2025 20:00,0
1005,7/12/2025 21:00,0
1006,7/12/2025 22:00,0
1007,7/12/2025 23:00,0
1008,7/13/2025 0:00,0
1009,7/13/2025 1:00,0
1010,7/13/2025 2:00,0
1011,7/13/2025 3:00,0
1012,7/13/2025 4:00,0
1013,7/13/2025 5:00,0
1014,7/13/2025 6:00,7
1015,7/13/2025 7:00,23
1016,7/13/2025 8:00,16
1017,7/13/2025 9:00,81
1018,7/13/2025 10:00,86
1019,7/13/2025 11:00,74
1020,7/13/2025 12:00,140
1021,7/13/2025 13:00,45
1022,7/13/2025 14:00,61
1023,7/13/2025 15:00,15
1024,7/13/2025 16:00,44
1025,7/13/2025 17:00,39
1026,7/13/2025 18:00,17
1027,7/13/2025 19:00,7
1028,7/13/2025 20:00,0
1029,7/13/2025 21:00,0
1030,7/13/2025 22:00,0
1031,7/13/2025 23:00,0
1032,7/14/2025 0:00,0
1033,7/14/2025 1:00,0
1034,7/14/2025 2:00,0
1035,7/14/2025 3:00,0
1036,7/14/2025 4:00,0
1037,7/14/2025 5:00,0
1038,7/14/2025 6:00,11
1039,7/14/2025 7:00,22
1040,7/14/2025 8:00,18
1041,7/14/2025 9:00,83
1042,7/14/2025 10:00,91
1043,7/14/2025 11:00,75
1044,7/14/2025 12:00,149
1045,7/14/2025 13:00,55
1046,7/14/2025 14:00,57
1047,7/14/2025 15:00,22
1048,7/14/2025 16:00,43
1049,7/14/2025 17:00,36
1050,7/14/2025 18:00,18
1051,7/14/2025 19:00,4
1052,7/14/2025 20:00,0
1053,7/14/2025 21:00,0
1054,7/14/2025 22:00,0
1055,7/14/2025 23:00,0
1056,7/15/2025 0:00,0
1057,7/15/2025 1:00,0
1058,7/15/2025 2:00,0
1059,7/15/2025 3:00,0
1060,7/15/2025 4:00,0
1061,7/15/2025 5:00,0
1062,7/15/2025 6:00,10
1063,7/15/2025 7:00,26
1064,7/15/2025 8:00,17
1065,7/15/2025 9:00,77
1066,7/15/2025 10:00,88
1067,7/15/2025 11:00,68
1068,7/15/2025 12:00,149
1069,7/15/2025 13:00,45
1070,7/15/2025 14:00,63
1071,7/15/2025 15:00,23
1072,7/15/2025 16:00,45
1073,7/15/2025 17:00,38
1074,7/15/2025 18:00,19
1075,7/15/2025 19:00,0
1076,7/15/2025 20:00,0
1077,7/15/2025 21:00,0
1078,7/15/2025 22:00,0
1079,7/15/2025 23:00,0
1080,7/16/2025 0:00,0
1081,7/16/2025 1:00,0
1082,7/16/2025 2:00,0
1083,7/16/2025 3:00,0
1084,7/16/2025 4:00,0
1085,7/16/2025 5:00,0
1086,7/16/2025 6:00,8
1087,7/16/2025 7:00,22
1088,7/16/2025 8:00,17
1089,7/16/2025 9:00,75
1090,7/16/2025 10:00,88
1091,7/16/2025 11:00,68
1092,7/16/2025 12:00,150
1093,7/16/2025 13:00,47
1094,7/16/2025 14:00,57
1095,7/16/2025 15:00,19
1096,7/16/2025 16:00,45
1097,7/16/2025 17:00,32
1098,7/16/2025 18:00,17
1099,7/16/2025 19:00,10
1100,7/16/2025 20:00,0
1101,7/16/2025 21:00,0
1102,7/16/2025 22:00,0
1103,7/16/2025 23:00,0
1104,7/17/2025 0:00,0
1105,7/17/2025 1:00,0
1106,7/17/2025 2:00,0
1107,7/17/2025 3:00,0
1108,7/17/2025 4:00,0
1109,7/17/2025 5:00,0
1110,7/17/2025 6:00,14
1111,7/17/2025 7:00,21
1112,7/17/2025 8:00,10
1113,7/17/2025 9:00,75
1114,7/17/2025 10:00,91
1115,7/17/2025 11:00,74
1116,7/17/2025 12:00,149
1117,7/17/2025 13:00,45
1118,7/17/2025 14:00,60
1119,7/17/2025 15:00,22
1120,7/17/2025 16:00,42
1121,7/17/2025 17:00,40
1122,7/17/2025 18:00,25
1123,7/17/2025 19:00,5
1124,7/17/2025 20:00,0
1125,7/17/2025 21:00,0
1126,7/17/2025 22:00,0
1127,7/17/2025 23:00,0
1128,7/18/2025 0:00,0
1129,7/18/2025 1:00,0
1130,7/18/2025 2:00,0
1131,7/18/2025 3:00,0
1132,7/18/2025 4:00,0
1133,7/18/2025 5:00,0
1134,7/18/2025 6:00,16
1135,7/18/2025 7:00,25
1136,7/18/2025 8:00,20
1137,7/18/2025 9:00,107
1138,7/18/2025 10:00,100
1139,7/18/2025 11:00,81
1140,7/18/2025 12:00,190
1141,7/18/2025 13:00,57
1142,7/18/2025 14:00,64
1143,7/18/2025 15:00,29
1144,7/18/2025 16:00,55
1145,7/18/2025 17:00,37
1146,7/18/2025 18:00,19
1147,7/18/2025 19:00,7
1148,7/18/2025 20:00,0
1149,7/18/2025 21:00,0
1150,7/18/2025 22:00,0
1151,7/18/2025 23:00,0
1152,7/19/2025 0:00,0
1153,7/19/2025 1:00,0
1154,7/19/2025 2:00,0
1155,7/19/2025 3:00,0
1156,7/19/2025 4:00,0
1157,7/19/2025 5:00,0
1158,7/19/2025 6:00,14
1159,7/19/2025 7:00,32
1160,7/19/2025 8:00,12
1161,7/19/2025 9:00,92
1162,7/19/2025 10:00,112
1163,7/19/2025 11:00,86
1164,7/19/2025 12:00,165
1165,7/19/2025 13:00,59
1166,7/19/2025 14:00,75
1167,7/19/2025 15:00,23
1168,7/19/2025 16:00,55
1169,7/19/2025 17:00,47
1170,7/19/2025 18:00,23
1171,7/19/2025 19:00,6
1172,7/19/2025 20:00,0
1173,7/19/2025 21:00,0
1174,7/19/2025 22:00,0
1175,7/19/2025 23:00,0
1176,7/20/2025 0:00,0
1177,7/20/2025 1:00,0
1178,7/20/2025 2:00,0
1179,7/20/2025 3:00,0
1180,7/20/2025 4:00,0
1181,7/20/2025 5:00,0
1182,7/20/2025 6:00,6
1183,7/20/2025 7:00,30
1184,7/20/2025 8:00,10
1185,7/20/2025 9:00,82
1186,7/20/2025 10:00,87
1187,7/20/2025 11:00,73
1188,7/20/2025 12:00,144
1189,7/20/2025 13:00,53
1190,7/20/2025 14:00,55
1191,7/20/2025 15:00,25
1192,7/20/2025 16:00,35
1193,7/20/2025 17:00,37
1194,7/20/2025 18:00,25
1195,7/20/2025 19:00,0
1196,7/20/2025 20:00,0
1197,7/20/2025 21:00,0
1198,7/20/2025 22:00,0
1199,7/20/2025 23:00,0
1200,7/21/2025 0:00,0
1201,7/21/2025 1:00,0
1202,7/21/2025 2:00,0
1203,7/21/2025 3:00,0
1204,7/21/2025 4:00,0
1205,7/21/2025 5:00,0
1206,7/21/2025 6:00,7
1207,7/21/2025 7:00,29
1208,7/21/2025 8:00,13
1209,7/21/2025 9:00,82
1210,7/21/2025 10:00,85
1211,7/21/2025 11:00,67
1212,7/21/2025 12:00,146
1213,7/21/2025 13:00,45
1214,7/21/2025 14:00,63
1215,7/21/2025 15:00,16
1216,7/21/2025 16:00,37
1217,7/21/2025 17:00,31
1218,7/21/2025 18:00,21
1219,7/21/2025 19:00,0
1220,7/21/2025 20:00,0
1221,7/21/2025 21:00,0
1222,7/21/2025 22:00,0
1223,7/21/2025 23:00,0
1224,7/22/2025 0:00,0
1225,7/22/2025 1:00,0
1226,7/22/2025 2:00,0
1227,7/22/2025 3:00,0
1228,7/22/2025 4:00,0
1229,7/22/2025 5:00,0
1230,7/22/2025 6:00,10
1231,7/22/2025 7:00,28
1232,7/22/2025 8:00,16
1233,7/22/2025 9:00,80
1234,7/22/2025 10:00,89
1235,7/22/2025 11:00,66
1236,7/22/2025 12:00,144
1237,7/22/2025 13:00,55
1238,7/22/2025 14:00,59
1239,7/22/2025 15:00,20
1240,7/22/2025 16:00,43
1241,7/22/2025 17:00,38
1242,7/22/2025 18:00,24
1243,7/22/2025 19:00,4
1244,7/22/2025 20:00,0
1245,7/22/2025 21:00,0
1246,7/22/2025 22:00,0
1247,7/22/2025 23:00,0
1248,7/23/2025 0:00,0
1249,7/23/2025 1:00,0
1250,7/23/2025 2:00,0
1251,7/23/2025 3:00,0
1252,7/23/2025 4:00,0
1253,7/23/2025 5:00,0
1254,7/23/2025 6:00,15
1255,7/23/2025 7:00,27
1256,7/23/2025 8:00,20
1257,7/23/2025 9:00,84
1258,7/23/2025 10:00,93
1259,7/23/2025 11:00,73
1260,7/23/2025 12:00,149
1261,7/23/2025 13:00,53
1262,7/23/2025 14:00,62
1263,7/23/2025 15:00,18
1264,7/23/2025 16:00,44
1265,7/23/2025 17:00,30
1266,7/23/2025 18:00,19
1267,7/23/2025 19:00,9
1268,7/23/2025 20:00,0
1269,7/23/2025 21:00,0
1270,7/23/2025 22:00,0
1271,7/23/2025 23:00,0
1272,7/24/2025 0:00,0
1273,7/24/2025 1:00,0
1274,7/24/2025 2:00,0
1275,7/24/2025 3:00,0
1276,7/24/2025 4:00,0
1277,7/24/2025 5:00,0
1278,7/24/2025 6:00,5
1279,7/24/2025 7:00,24
1280,7/24/2025 8:00,18
1281,7/24/2025 9:00,81
1282,7/24/2025 10:00,88
1283,7/24/2025 11:00,75
1284,7/24/2025 12:00,149
1285,7/24/2025 13:00,53
1286,7/24/2025 14:00,55
1287,7/24/2025 15:00,25
1288,7/24/2025 16:00,39
1289,7/24/2025 17:00,34
1290,7/24/2025 18:00,20
1291,7/24/2025 19:00,7
1292,7/24/2025 20:00,0
1293,7/24/2025 21:00,0
1294,7/24/2025 22:00,0
1295,7/24/2025 23:00,0
1296,7/25/2025 0:00,0
1297,7/25/2025 1:00,0
1298,7/25/2025 2:00,0
1299,7/25/2025 3:00,0
1300,7/25/2025 4:00,0
1301,7/25/2025 5:00,0
1302,7/25/2025 6:00,6
1303,7/25/2025 7:00,28
1304,7/25/2025 8:00,22
1305,7/25/2025 9:00,98
1306,7/25/2025 10:00,120
1307,7/25/2025 11:00,92
1308,7/25/2025 12:00,175
1309,7/25/2025 13:00,68
1310,7/25/2025 14:00,65
1311,7/25/2025 15:00,19
1312,7/25/2025 16:00,49
1313,7/25/2025 17:00,46
1314,7/25/2025 18:00,20
1315,7/25/2025 19:00,8
1316,7/25/2025 20:00,0
1317,7/25/2025 21:00,0
1318,7/25/2025 22:00,0
1319,7/25/2025 23:00,0
1320,7/26/2025 0:00,0
1321,7/26/2025 1:00,0
1322,7/26/2025 2:00,0
1323,7/26/2025 3:00,0
1324,7/26/2025 4:00,0
1325,7/26/2025 5:00,0
1326,7/26/2025 6:00,16
1327,7/26/2025 7:00,25
1328,7/26/2025 8:00,23
1329,7/26/2025 9:00,96
1330,7/26/2025 10:00,103
1331,7/26/2025 11:00,89
1332,7/26/2025 12:00,175
1333,7/26/2025 13:00,53
1334,7/26/2025 14:00,81
1335,7/26/2025 15:00,28
1336,7/26/2025 16:00,43
1337,7/26/2025 17:00,47
1338,7/26/2025 18:00,22
1339,7/26/2025 19:00,4
1340,7/26/2025 20:00,0
1341,7/26/2025 21:00,0
1342,7/26/2025 22:00,0
1343,7/26/2025 23:00,0
1344,7/27/2025 0:00,0
1345,7/27/2025 1:00,0
1346,7/27/2025 2:00,0
1347,7/27/2025 3:00,0
1348,7/27/2025 4:00,0
1349,7/27/2025 5:00,0
1350,7/27/2025 6:00,5
1351,7/27/2025 7:00,29
1352,7/27/2025 8:00,13
1353,7/27/2025 9:00,75
1354,7/27/2025 10:00,89
1355,7/27/2025 11:00,67
1356,7/27/2025 12:00,147
1357,7/27/2025 13:00,47
1358,7/27/2025 14:00,58
1359,7/27/2025 15:00,24
1360,7/27/2025 16:00,44
1361,7/27/2025 17:00,34
1362,7/27/2025 18:00,16
1363,7/27/2025 19:00,10
1364,7/27/2025 20:00,0
1365,7/27/2025 21:00,0
1366,7/27/2025 22:00,0
1367,7/27/2025 23:00,0
1368,7/28/2025 0:00,0
1369,7/28/2025 1:00,0
1370,7/28/2025 2:00,0
1371,7/28/2025 3:00,0
1372,7/28/2025 4:00,0
1373,7/28/2025 5:00,0
1374,7/28/2025 6:00,13
1375,7/28/2025 7:00,29
1376,7/28/2025 8:00,16
1377,7/28/2025 9:00,77
1378,7/28/2025 10:00,93
1379,7/28/2025 11:00,72
1380,7/28/2025 12:00,145
1381,7/28/2025 13:00,52
1382,7/28/2025 14:00,58
1383,7/28/2025 15:00,23
1384,7/28/2025 16:00,44
1385,7/28/2025 17:00,30
1386,7/28/2025 18:00,19
1387,7/28/2025 19:00,3
1388,7/28/2025 20:00,0
1389,7/28/2025 21:00,0
1390,7/28/2025 22:00,0
1391,7/28/2025 23:00,0
1392,7/29/2025 0:00,0
1393,7/29/2025 1:00,0
1394,7/29/2025 2:00,0
1395,7/29/2025 3:00,0
1396,7/29/2025 4:00,0
1397,7/29/2025 5:00,0
1398,7/29/2025 6:00,12
1399,7/29/2025 7:00,29
1400,7/29/2025 8:00,17
1401,7/29/2025 9:00,84
1402,7/29/2025 10:00,94
1403,7/29/2025 11:00,68
1404,7/29/2025 12:00,147
1405,7/29/2025 13:00,45
1406,7/29/2025 14:00,65
1407,7/29/2025 15:00,24
1408,7/29/2025 16:00,36
1409,7/29/2025 17:00,30
1410,7/29/2025 18:00,22
1411,7/29/2025 19:00,0
1412,7/29/2025 20:00,0
1413,7/29/2025 21:00,0
1414,7/29/2025 22:00,0
1415,7/29/2025 23:00,0
1416,7/30/2025 0:00,0
1417,7/30/2025 1:00,0
1418,7/30/2025 2:00,0
1419,7/30/2025 3:00,0
1420,7/30/2025 4:00,0
1421,7/30/2025 5:00,0
1422,7/30/2025 6:00,14
1423,7/30/2025 7:00,20
1424,7/30/2025 8:00,14
1425,7/30/2025 9:00,81
1426,7/30/2025 10:00,91
1427,7/30/2025 11:00,72
1428,7/30/2025 12:00,140
1429,7/30/2025 13:00,48
1430,7/30/2025 14:00,62
1431,7/30/2025 15:00,23
1432,7/30/2025 16:00,36
1433,7/30/2025 17:00,30
1434,7/30/2025 18:00,17
1435,7/30/2025 19:00,9
1436,7/30/2025 20:00,0
1437,7/30/2025 21:00,0
1438,7/30/2025 22:00,0
1439,7/30/2025 23:00,0
1440,7/31/2025 0:00,0
1441,7/31/2025 1:00,0
1442,7/31/2025 2:00,0
1443,7/31/2025 3:00,0
1444,7/31/2025 4:00,0
1445,7/31/2025 5:00,0
1446,7/31/2025 6:00,15
1447,7/31/2025 7:00,29
1448,7/31/2025 8:00,13
1449,7/31/2025 9:00,83
1450,7/31/2025 10:00,94
1451,7/31/2025 11:00,71
1452,7/31/2025 12:00,146
1453,7/31/2025 13:00,49
1454,7/31/2025 14:00,55
1455,7/31/2025 15:00,24
1456,7/31/2025 16:00,39
1457,7/31/2025 17:00,33
1458,7/31/2025 18:00,25
1459,7/31/2025 19:00,7
1460,7/31/2025 20:00,0
1461,7/31/2025 21:00,0
1462,7/31/2025 22:00,0
1463,7/31/2025 23:00,0
0,8/1/2025 0:00,0.179610147
1,8/1/2025 1:00,-0.04555442
2,8/1/2025 2:00,-0.199076951
3,8/1/2025 3:00,0.312933585
4,8/1/2025 4:00,1.063092345
5,8/1/2025 5:00,0.125178912
6,8/1/2025 6:00,14.60004693
7,8/1/2025 7:00,30.05659197
8,8/1/2025 8:00,13.37471087
9,8/1/2025 9:00,81.00848084
10,8/1/2025 10:00,93.87766595
11,8/1/2025 11:00,71.57722272
12,8/1/2025 12:00,143.9374238
13,8/1/2025 13:00,51.48460929
14,8/1/2025 14:00,57.74567101
15,8/1/2025 15:00,25.24198322
16,8/1/2025 16:00,37.79068094
17,8/1/2025 17:00,32.4876861
18,8/1/2025 18:00,25.51483232
19,8/1/2025 19:00,8.141693723
20,8/1/2025 20:00,0.217462075
21,8/1/2025 21:00,-0.223698384
22,8/1/2025 22:00,-0.173109471
23,8/1/2025 23:00,0.324449498
24,8/2/2025 0:00,0.33666957
25,8/2/2025 1:00,-0.042813701
26,8/2/2025 2:00,-0.392151718
27,8/2/2025 3:00,0.505850547
28,8/2/2025 4:00,2.036263533
29,8/2/2025 5:00,0.318610493
30,8/2/2025 6:00,14.19127008
31,8/2/2025 7:00,30.97159405
32,8/2/2025 8:00,13.79551213
33,8/2/2025 9:00,79.10817205
34,8/2/2025 10:00,93.61398168
35,8/2/2025 11:00,72.10478027
36,8/2/2025 12:00,142.012066
37,8/2/2025 13:00,53.78876314
38,8/2/2025 14:00,60.26232283
39,8/2/2025 15:00,26.54756525
40,8/2/2025 16:00,36.80321489
41,8/2/2025 17:00,31.96077421
42,8/2/2025 18:00,25.85180629
43,8/2/2025 19:00,9.180473774
44,8/2/2025 20:00,0.493781933
45,8/2/2025 21:00,-0.400984294
46,8/2/2025 22:00,-0.394428347
47,8/2/2025 23:00,0.551276504
48,8/3/2025 0:00,0.463887961
49,8/3/2025 1:00,-0.00208437
50,8/3/2025 2:00,-0.569806303
51,8/3/2025 3:00,0.598628305
52,8/3/2025 4:00,2.918413132
53,8/3/2025 5:00,0.568028802
54,8/3/2025 6:00,13.78463669
55,8/3/2025 7:00,31.75926408
56,8/3/2025 8:00,14.25069609
57,8/3/2025 9:00,77.29864929
58,8/3/2025 10:00,93.23144953
59,8/3/2025 11:00,72.58011887
60,8/3/2025 12:00,140.207044
61,8/3/2025 13:00,55.93333677
62,8/3/2025 14:00,62.57392949
63,8/3/2025 15:00,27.89975092
64,8/3/2025 16:00,36.01471016
65,8/3/2025 17:00,31.43592804
66,8/3/2025 18:00,26.03928863
67,8/3/2025 19:00,10.11720374
68,8/3/2025 20:00,0.811916294
69,8/3/2025 21:00,-0.533570391
70,8/3/2025 22:00,-0.647945728
71,8/3/2025 23:00,0.693187207
72,8/4/2025 0:00,0.556493625
73,8/4/2025 1:00,0.066938435
74,8/4/2025 2:00,-0.72562076
75,8/4/2025 3:00,0.609204043
76,8/4/2025 4:00,3.710431832
77,8/4/2025 5:00,0.862155664
78,8/4/2025 6:00,13.38837115
79,8/4/2025 7:00,32.43292385
80,8/4/2025 8:00,14.73065328
81,8/4/2025 9:00,75.57840229
82,8/4/2025 10:00,92.74967348
83,8/4/2025 11:00,73.00223469
84,8/4/2025 12:00,138.5074432
85,8/4/2025 13:00,57.93581417
86,8/4/2025 14:00,64.70187121
87,8/4/2025 15:00,29.28468972
88,8/4/2025 16:00,35.40445734
89,8/4/2025 17:00,30.92621311
90,8/4/2025 18:00,26.10231993
91,8/4/2025 19:00,10.95449651
92,8/4/2025 20:00,1.157527881
93,8/4/2025 21:00,-0.624350879
94,8/4/2025 22:00,-0.920798068
95,8/4/2025 23:00,0.762193312
96,8/5/2025 0:00,0.611781605
97,8/5/2025 1:00,0.155358634
98,8/5/2025 2:00,-0.855613719
99,8/5/2025 3:00,0.553570555
100,8/5/2025 4:00,4.414757403
101,8/5/2025 5:00,1.190794979
102,8/5/2025 6:00,13.0084418
103,8/5/2025 7:00,33.00487751
104,8/5/2025 8:00,15.22754776
105,8/5/2025 9:00,73.94514612
106,8/5/2025 10:00,92.18569871
107,8/5/2025 11:00,73.37130998
108,8/5/2025 12:00,136.9001382
109,8/5/2025 13:00,59.81086069
110,8/5/2025 14:00,66.66516022
111,8/5/2025 15:00,30.69112542
112,8/5/2025 16:00,34.95377492
113,8/5/2025 17:00,30.44173405
114,8/5/2025 18:00,26.06292632
115,8/5/2025 19:00,11.69625147
116,8/5/2025 20:00,1.518676495
117,8/5/2025 21:00,-0.67699718
118,8/5/2025 22:00,-1.202813844
119,8/5/2025 23:00,0.769453648
120,8/6/2025 0:00,0.628713712
121,8/6/2025 1:00,0.255191594
122,8/6/2025 2:00,-0.957755889
123,8/6/2025 3:00,0.445823894
124,8/6/2025 4:00,5.034993113
125,8/6/2025 5:00,1.544869225
126,8/6/2025 6:00,12.64898256
127,8/6/2025 7:00,33.48637939
128,8/6/2025 8:00,15.73503114
129,8/6/2025 9:00,72.39606281
130,8/6/2025 10:00,91.55431914
131,8/6/2025 11:00,73.68842002
132,8/6/2025 12:00,135.3736204
133,8/6/2025 13:00,61.57080269
134,8/6/2025 14:00,68.48066057
135,8/6/2025 15:00,32.10993603
136,8/6/2025 16:00,34.64584962
137,8/6/2025 17:00,29.99016792
138,8/6/2025 18:00,25.94041689
139,8/6/2025 19:00,12.3472812
140,8/6/2025 20:00,1.885529465
141,8/6/2025 21:00,-0.695642366
142,8/6/2025 22:00,-1.486104826
143,8/6/2025 23:00,0.725179111
144,8/7/2025 0:00,0.607568728
145,8/7/2025 1:00,0.35941809
146,8/7/2025 2:00,-1.031551297
147,8/7/2025 3:00,0.298248513
148,8/7/2025 4:00,5.575583884
149,8/7/2025 5:00,1.916412654
150,8/7/2025 6:00,12.31265462
151,8/7/2025 7:00,33.88763885
152,8/7/2025 8:00,16.24799375
153,8/7/2025 9:00,70.92798689
154,8/7/2025 10:00,90.86835381
155,8/7/2025 11:00,73.95529843
156,8/7/2025 12:00,133.9178335
157,8/7/2025 13:00,63.22602869
158,8/7/2025 14:00,70.16329817
159,8/7/2025 15:00,33.53375028
160,8/7/2025 16:00,34.46557696
161,8/7/2025 17:00,29.57720943
162,8/7/2025 18:00,25.7516637
163,8/7/2025 19:00,12.91301274
164,8/7/2025 20:00,2.250094075
165,8/7/2025 21:00,-0.684638514
166,8/7/2025 22:00,-1.764702588
167,8/7/2025 23:00,0.638587029
168,8/8/2025 0:00,0.549640049
169,8/8/2025 1:00,0.461993877
170,8/8/2025 2:00,-1.077680473
171,8/8/2025 3:00,0.121428284
172,8/8/2025 4:00,6.041544972
173,8/8/2025 5:00,2.29853303
174,8/8/2025 6:00,12.00095394
175,8/8/2025 7:00,34.21785189
176,8/8/2025 8:00,16.76234987
177,8/8/2025 9:00,69.53754608
178,8/8/2025 10:00,90.13889333
179,8/8/2025 11:00,74.17415017
180,8/8/2025 12:00,132.5240194
181,8/8/2025 13:00,64.7853242
182,8/8/2025 14:00,71.72625868
183,8/8/2025 15:00,34.95662885
184,8/8/2025 16:00,34.39940619
185,8/8/2025 17:00,29.20694147
186,8/8/2025 18:00,25.5113621
187,8/8/2025 19:00,13.39925082
188,8/8/2025 20:00,2.605973206
189,8/8/2025 21:00,-0.648373504
190,8/8/2025 22:00,-2.034238049
191,8/8/2025 23:00,0.517893374
192,8/9/2025 0:00,0.456977322
193,8/9/2025 1:00,0.557826338
194,8/9/2025 2:00,-1.097699611
195,8/9/2025 3:00,-0.075625961
196,8/9/2025 4:00,6.438237804
197,8/9/2025 5:00,2.685351474
198,8/9/2025 6:00,11.71447017
199,8/9/2025 7:00,34.48525156
200,8/9/2025 8:00,17.27485442
201,8/9/2025 9:00,68.22126654
202,8/9/2025 10:00,89.3755183
203,8/9/2025 11:00,74.34750355
204,8/9/2025 12:00,131.1845754
205,8/9/2025 13:00,66.2561508
206,8/9/2025 14:00,73.18117177
207,8/9/2025 15:00,36.37380014
208,8/9/2025 16:00,34.43519204
209,8/9/2025 17:00,28.88214259
210,8/9/2025 18:00,25.23227049
211,8/9/2025 19:00,13.8119923
212,8/9/2025 20:00,2.948144424
213,8/9/2025 21:00,-0.591135925
214,8/9/2025 22:00,-2.29166121
215,8/9/2025 23:00,0.370333293
216,8/10/2025 0:00,0.332168311
217,8/10/2025 1:00,0.642727604
218,8/10/2025 2:00,-1.093789716
219,8/10/2025 3:00,-0.285339763
220,8/10/2025 4:00,6.771187572
221,8/10/2025 5:00,3.071928006
222,8/10/2025 6:00,11.45310261
223,8/10/2025 7:00,34.69717041
224,8/10/2025 8:00,17.78294756
225,8/10/2025 9:00,66.97565008
226,8/10/2025 10:00,88.58649206
227,8/10/2025 11:00,74.47809392
228,8/10/2025 12:00,129.8929241
229,8/10/2025 13:00,67.64487828
230,8/10/2025 14:00,74.53828113
231,8/10/2025 15:00,37.78144179
232,8/10/2025 16:00,34.56205533
233,8/10/2025 17:00,28.60454155
234,8/10/2025 18:00,24.92542941
235,8/10/2025 19:00,14.1572825
236,8/10/2025 20:00,3.272762014
237,8/10/2025 21:00,-0.517018561
238,8/10/2025 22:00,-2.534997959
239,8/10/2025 23:00,0.202202161
240,8/11/2025 0:00,0.178157016
241,8/11/2025 1:00,0.713351659
242,8/11/2025 2:00,-1.068549938
243,8/11/2025 3:00,-0.501435012
244,8/11/2025 4:00,7.045937434
245,8/11/2025 5:00,3.454178773
246,8/11/2025 6:00,11.2162385
247,8/11/2025 7:00,34.86011021
248,8/11/2025 8:00,18.28462438
249,8/11/2025 9:00,65.79722985
250,8/11/2025 10:00,87.77892989
251,8/11/2025 11:00,74.5687729
252,8/11/2025 12:00,128.6433939
253,8/11/2025 13:00,68.95697753
254,8/11/2025 14:00,75.80660015
255,8/11/2025 15:00,39.17650068
256,8/11/2025 16:00,34.77025323
257,8/11/2025 17:00,28.37502732
258,8/11/2025 18:00,24.60036026
259,8/11/2025 19:00,14.44110591
260,8/11/2025 20:00,3.576980972
261,8/11/2025 21:00,-0.429852519
262,8/11/2025 22:00,-2.763140636
263,8/11/2025 23:00,0.018910862
264,8/12/2025 0:00,-0.001905908
265,8/12/2025 1:00,0.767121414
266,8/12/2025 2:00,-1.024829578
267,8/12/2025 3:00,-0.718790952
268,8/12/2025 4:00,7.267934385
269,8/12/2025 5:00,3.828789563
270,8/12/2025 6:00,11.0028986
271,8/12/2025 7:00,34.97981482
272,8/12/2025 8:00,18.77832629
273,8/12/2025 9:00,64.68260916
274,8/12/2025 10:00,86.95894703
275,8/12/2025 11:00,74.62243825
276,8/12/2025 12:00,127.4311123
277,8/12/2025 13:00,70.19718052
278,8/12/2025 14:00,76.99405349
279,8/12/2025 15:00,40.55654491
280,8/12/2025 16:00,35.05105967
281,8/12/2025 17:00,28.19382185
282,8/12/2025 18:00,24.26524455
283,8/12/2025 19:00,14.66930461
284,8/12/2025 20:00,3.858801619
285,8/12/2025 21:00,-0.333165418
286,8/12/2025 22:00,-2.97566901
287,8/12/2025 23:00,-0.174949727
288,8/13/2025 0:00,-0.204784277
289,8/13/2025 1:00,0.802150448
290,8/13/2025 2:00,-0.965593634
291,8/13/2025 3:00,-0.933309489
292,8/13/2025 4:00,7.442442267
293,8/13/2025 5:00,4.193129091
294,8/13/2025 6:00,10.81185466
295,8/13/2025 7:00,35.06134341
296,8/13/2025 8:00,19.26285152
297,8/13/2025 9:00,63.62848773
298,8/13/2025 10:00,86.13178795
299,8/13/2025 11:00,74.64198018
300,8/13/2025 12:00,126.2519089
301,8/13/2025 13:00,71.36961266
302,8/13/2025 14:00,78.10760512
303,8/13/2025 15:00,41.91964268
304,8/13/2025 16:00,35.39665612
305,8/13/2025 17:00,28.06062178
306,8/13/2025 18:00,23.9270848
307,8/13/2025 19:00,14.84751905
308,8/13/2025 20:00,4.116933303
309,8/13/2025 21:00,-0.230158242
310,8/13/2025 22:00,-3.172698435
311,8/13/2025 23:00,-0.375539033
312,8/14/2025 0:00,-0.427252694
313,8/14/2025 1:00,0.817163
314,8/14/2025 2:00,-0.893817132
315,8/14/2025 3:00,-1.141787122
316,8/14/2025 4:00,7.574477757
317,8/14/2025 5:00,4.545164621
318,8/14/2025 6:00,10.64172287
319,8/14/2025 7:00,35.10914185
320,8/14/2025 8:00,19.73728176
321,8/14/2025 9:00,62.6316784
322,8/14/2025 10:00,85.30193875
323,8/14/2025 11:00,74.63024083
324,8/14/2025 12:00,125.102229
325,8/14/2025 13:00,72.47790231
326,8/14/2025 14:00,79.15337373
327,8/14/2025 15:00,43.26426336
328,8/14/2025 16:00,35.8000323
329,8/14/2025 17:00,27.9747143
330,8/14/2025 18:00,23.59184821
331,8/14/2025 19:00,14.98114672
332,8/14/2025 20:00,4.350675579
333,8/14/2025 21:00,-0.12369641
334,8/14/2025 22:00,-3.354752063
335,8/14/2025 23:00,-0.57969492
336,8/15/2025 0:00,-0.666171474
337,8/15/2025 1:00,0.811414942
338,8/15/2025 2:00,-0.812403969
339,8/15/2025 3:00,-1.341795077
340,8/15/2025 4:00,7.668765569
341,8/15/2025 5:00,4.883381723
342,8/15/2025 6:00,10.49103715
343,8/15/2025 7:00,35.1271107
344,8/15/2025 8:00,20.20092277
345,8/15/2025 9:00,61.68911683
346,8/15/2025 10:00,84.47322503
347,8/15/2025 11:00,74.58998423
348,8/15/2025 12:00,123.9790569
349,8/15/2025 13:00,73.52527104
350,8/15/2025 14:00,80.13673608
351,8/15/2025 15:00,44.589197
352,8/15/2025 16:00,36.25489654
353,8/15/2025 17:00,27.93507145
354,8/15/2025 18:00,23.2645945
355,8/15/2025 19:00,15.07531493
356,8/15/2025 20:00,4.559815186
357,8/15/2025 21:00,-0.016311491
358,8/15/2025 22:00,-3.522654189
359,8/15/2025 23:00,-0.784862015
360,8/16/2025 0:00,-0.918543288
361,8/16/2025 1:00,0.784617689
362,8/16/2025 2:00,-0.72412639
363,8/16/2025 3:00,-1.531568639
364,8/16/2025 4:00,7.729709559
365,8/16/2025 5:00,5.206709393
366,8/16/2025 6:00,10.35830534
367,8/16/2025 7:00,35.11866899
368,8/16/2025 8:00,20.65325657
369,8/16/2025 9:00,60.79786617
370,8/16/2025 10:00,83.64889673
371,8/16/2025 11:00,74.5238744
372,8/16/2025 12:00,122.8798467
373,8/16/2025 13:00,74.51460792
374,8/16/2025 14:00,81.0624194
375,8/16/2025 15:00,45.89348924
376,8/16/2025 16:00,36.75559528
377,8/16/2025 17:00,27.94042674
378,8/16/2025 18:00,22.94958938
379,8/16/2025 19:00,15.13486469
380,8/16/2025 20:00,4.744537228
381,8/16/2025 21:00,0.089789333
382,8/16/2025 22:00,-3.677442025
383,8/16/2025 23:00,-0.989021965
384,8/17/2025 0:00,-1.181554367
385,8/17/2025 1:00,0.736866448
386,8/17/2025 2:00,-0.631581675
387,8/17/2025 3:00,-1.709906164
388,8/17/2025 4:00,7.761376756
389,8/17/2025 5:00,5.514451266
390,8/17/2025 6:00,10.24205156
391,8/17/2025 7:00,35.0868129
392,8/17/2025 8:00,21.0939034
393,8/17/2025 9:00,59.95511814
394,8/17/2025 10:00,82.83170188
395,8/17/2025 11:00,74.43446009
396,8/17/2025 12:00,121.8024616
397,8/17/2025 13:00,75.44853056
398,8/17/2025 14:00,81.93458369
399,8/17/2025 15:00,47.1763887
400,8/17/2025 16:00,37.29704095
401,8/17/2025 17:00,27.98933699
402,8/17/2025 18:00,22.65040474
403,8/17/2025 19:00,15.16434313
404,8/17/2025 20:00,4.905348986
405,8/17/2025 21:00,0.192708365
406,8/17/2025 22:00,-3.820293436
407,8/17/2025 23:00,-1.190626857
408,8/18/2025 0:00,-1.452602802
409,8/18/2025 1:00,0.668573712
410,8/18/2025 2:00,-0.537163006
411,8/18/2025 3:00,-1.876077923
412,8/18/2025 4:00,7.767491783
413,8/18/2025 5:00,5.806223297
414,8/18/2025 6:00,10.14084685
415,8/18/2025 7:00,35.03416934
416,8/18/2025 8:00,21.52259172
417,8/18/2025 9:00,59.1581917
418,8/18/2025 10:00,82.02395055
419,8/18/2025 11:00,74.32416444
420,8/18/2025 12:00,120.7451201
421,8/18/2025 13:00,76.32943501
422,8/18/2025 14:00,82.75689476
423,8/18/2025 15:00,48.43730494
424,8/18/2025 16:00,37.87464773
425,8/18/2025 17:00,28.08023217
426,8/18/2025 18:00,22.37000707
427,8/18/2025 19:00,15.16800245
428,8/18/2025 20:00,5.043014887
429,8/18/2025 21:00,0.290838862
430,8/18/2025 22:00,-3.952468391
431,8/18/2025 23:00,-1.388536667
432,8/19/2025 0:00,-1.7293162
433,8/19/2025 1:00,0.580408537
434,8/19/2025 2:00,-0.443041887
435,8/19/2025 3:00,-2.029744644
436,8/19/2025 4:00,7.751439433
437,8/19/2025 5:00,6.081898011
438,8/19/2025 6:00,10.05333063
439,8/19/2025 7:00,34.96304411
440,8/19/2025 8:00,21.93913479
441,8/19/2025 9:00,58.40453014
442,8/19/2025 10:00,81.2275705
443,8/19/2025 11:00,74.19527874
444,8/19/2025 12:00,119.7063478
445,8/19/2025 13:00,77.15953656
446,8/19/2025 14:00,83.53258889
447,8/19/2025 15:00,49.67577475
448,8/19/2025 16:00,38.48427447
449,8/19/2025 17:00,28.2114552
450,8/19/2025 18:00,22.11083527
451,8/19/2025 19:00,15.1498038
452,8/19/2025 20:00,5.158501297
453,8/19/2025 21:00,0.382844293
454,8/19/2025 22:00,-4.07526213
455,8/19/2025 23:00,-1.581961259
456,8/20/2025 0:00,-2.009560658
457,8/20/2025 1:00,0.473241846
458,8/20/2025 2:00,-0.351159819
459,8/20/2025 3:00,-2.170885384
460,8/20/2025 4:00,7.716273524
461,8/20/2025 5:00,6.341555192
462,8/20/2025 6:00,9.97822462
463,8/20/2025 7:00,34.87546494
464,8/20/2025 8:00,22.34341261
465,8/20/2025 9:00,57.69169723
466,8/20/2025 10:00,80.44415546
467,8/20/2025 11:00,74.04995912
468,8/20/2025 12:00,118.6849354
469,8/20/2025 13:00,77.9409028
470,8/20/2025 14:00,84.26453002
471,8/20/2025 15:00,50.89143561
472,8/20/2025 16:00,39.12217407
473,8/20/2025 17:00,28.38129373
474,8/20/2025 18:00,21.87486887
475,8/20/2025 19:00,15.11342465
476,8/20/2025 20:00,5.252929871
477,8/20/2025 21:00,0.467636484
478,8/20/2025 22:00,-4.189968258
479,8/20/2025 23:00,-1.770407235
480,8/21/2025 0:00,-2.291442779
481,8/21/2025 1:00,0.348097789
482,8/21/2025 2:00,-0.263227283
483,8/21/2025 3:00,-2.299734269
484,8/21/2025 4:00,7.664730429
485,8/21/2025 5:00,6.58543876
486,8/21/2025 6:00,9.914340904
487,8/21/2025 7:00,34.77321948
488,8/21/2025 8:00,22.73535806
489,8/21/2025 9:00,57.01737278
490,8/21/2025 10:00,79.67500727
491,8/21/2025 11:00,73.89022571
492,8/21/2025 12:00,117.6799014
493,8/21/2025 13:00,78.67548043
494,8/21/2025 14:00,84.95526001
495,8/21/2025 15:00,52.08400467
496,8/21/2025 16:00,39.78494878
497,8/21/2025 17:00,28.58800519
498,8/21/2025 18:00,21.66368793
499,8/21/2025 19:00,15.06226878
500,8/21/2025 20:00,5.327538337
501,8/21/2025 21:00,0.544353465
502,8/21/2025 22:00,-4.297850203
503,8/21/2025 23:00,-1.953629718
504,8/22/2025 0:00,-2.573306226
505,8/22/2025 1:00,0.206111016
506,8/22/2025 2:00,-0.180728365
507,8/22/2025 3:00,-2.416725499
508,8/22/2025 4:00,7.599245944
509,8/22/2025 5:00,6.813919462
510,8/22/2025 6:00,9.860585442
511,8/22/2025 7:00,34.65788867
512,8/22/2025 8:00,23.11494649
513,8/22/2025 9:00,56.37934812
514,8/22/2025 10:00,78.9211726
515,8/22/2025 11:00,73.71796358
516,8/22/2025 12:00,116.6904591
517,8/22/2025 13:00,79.3651168
518,8/22/2025 14:00,85.60704292
519,8/22/2025 15:00,53.25326249
520,8/22/2025 16:00,40.4695108
521,8/22/2025 17:00,28.82983655
522,8/22/2025 18:00,21.47852537
523,8/22/2025 19:00,14.9994779
524,8/22/2025 20:00,5.383647705
525,8/22/2025 21:00,0.612337629
526,8/22/2025 22:00,-4.400119658
527,8/22/2025 23:00,-2.131589033
528,8/23/2025 0:00,-2.85372405
529,8/23/2025 1:00,0.048489597
530,8/23/2025 2:00,-0.104929615
531,8/23/2025 3:00,-2.522445984
532,8/23/2025 4:00,7.521974391
533,8/23/2025 5:00,7.027462938
534,8/23/2025 6:00,9.815958113
535,8/23/2025 7:00,34.53087577
536,8/23/2025 8:00,23.48218792
537,8/23/2025 9:00,55.77552147
538,8/23/2025 10:00,78.18347514
539,8/23/2025 11:00,73.53492499
540,8/23/2025 12:00,115.7159875
541,8/23/2025 13:00,80.01157706
542,8/23/2025 14:00,86.22190374
543,8/23/2025 15:00,54.39904045
544,8/23/2025 16:00,41.17304757
545,8/23/2025 17:00,29.10503959
546,8/23/2025 18:00,21.32031278
547,8/23/2025 19:00,14.92794432
548,8/23/2025 20:00,5.422635
549,8/23/2025 21:00,0.67111464
550,8/23/2025 22:00,-4.497920803
551,8/23/2025 23:00,-2.304412132
552,8/24/2025 0:00,-3.131487889
553,8/24/2025 1:00,-0.12351674
554,8/24/2025 2:00,-0.036891975
555,8/24/2025 3:00,-2.617594933
556,8/24/2025 4:00,7.434809058
557,8/24/2025 5:00,7.2266027
558,8/24/2025 6:00,9.779550228
559,8/24/2025 7:00,34.39343142
560,8/24/2025 8:00,23.83712127
561,8/24/2025 9:00,55.20389347
562,8/24/2025 10:00,77.46254369
563,8/24/2025 11:00,73.34273274
564,8/24/2025 12:00,114.7560061
565,8/24/2025 13:00,80.61655784
566,8/24/2025 14:00,86.80166233
567,8/24/2025 15:00,55.52121113
568,8/24/2025 16:00,41.89299134
569,8/24/2025 17:00,29.41188276
570,8/24/2025 18:00,21.18972041
571,8/24/2025 19:00,14.85032421
572,8/24/2025 20:00,5.445910708
573,8/24/2025 21:00,0.720373384
574,8/24/2025 22:00,-4.592319291
575,8/24/2025 23:00,-2.472358523
576,8/25/2025 0:00,-3.405594913
577,8/25/2025 1:00,-0.308643468
578,8/25/2025 2:00,0.022515191
579,8/25/2025 3:00,-2.702949731
580,8/25/2025 4:00,7.339403252
581,8/25/2025 5:00,7.411917536
582,8/25/2025 6:00,9.75054023
583,8/25/2025 7:00,34.24667523
584,8/25/2025 8:00,24.17981013
585,8/25/2025 9:00,54.66256295
586,8/25/2025 10:00,76.75883696
587,8/25/2025 11:00,73.14288428
588,8/25/2025 12:00,113.8101521
589,8/25/2025 13:00,81.18169785
590,8/25/2025 14:00,87.34796297
591,8/25/2025 15:00,56.61968115
592,8/25/2025 16:00,42.62699244
593,8/25/2025 17:00,29.74866013
594,8/25/2025 18:00,21.08719197
595,8/25/2025 19:00,14.769051
596,8/25/2025 20:00,5.454900248
597,8/25/2025 21:00,0.759947157
598,8/25/2025 22:00,-4.684295094
599,8/25/2025 23:00,-2.63579044
600,8/26/2025 0:00,-3.675233274
601,8/26/2025 1:00,-0.505633618
602,8/26/2025 2:00,0.072598747
603,8/26/2025 3:00,-2.779337433
604,8/26/2025 4:00,7.237191387
605,8/26/2025 5:00,7.584012854
606,8/26/2025 6:00,9.728188195
607,8/26/2025 7:00,34.09161417
608,8/26/2025 8:00,24.51033964
609,8/26/2025 9:00,54.14972285
610,8/26/2025 10:00,76.07266538
611,8/26/2025 11:00,72.93675633
612,8/26/2025 12:00,112.8781609
613,8/26/2025 13:00,81.70858614
614,8/26/2025 14:00,87.86230005
615,8/26/2025 15:00,57.69438591
616,8/26/2025 16:00,43.37289593
617,8/26/2025 17:00,30.11369814
618,8/26/2025 18:00,21.01297517
619,8/26/2025 19:00,14.68634868
620,8/26/2025 20:00,5.451028853
621,8/26/2025 21:00,0.789796196
622,8/26/2025 22:00,-4.774738464
623,8/26/2025 23:00,-2.795146934
624,8/27/2025 0:00,-3.939766652
625,8/27/2025 1:00,-0.713256084
626,8/27/2025 2:00,0.112825768
627,8/27/2025 3:00,-2.84761124
628,8/27/2025 4:00,7.129409674
629,8/27/2025 5:00,7.743505505
630,8/27/2025 6:00,9.711829595
631,8/27/2025 7:00,33.92915816
632,8/27/2025 8:00,24.82881426
633,8/27/2025 9:00,53.66365649
634,8/27/2025 10:00,75.40421035
635,8/27/2025 11:00,72.72560991
636,8/27/2025 12:00,111.9598487
637,8/27/2025 13:00,82.19876837
638,8/27/2025 14:00,88.34604039
639,8/27/2025 15:00,58.74528572
640,8/27/2025 16:00,44.12872116
641,8/27/2025 17:00,30.50536046
642,8/27/2025 18:00,20.96714813
643,8/27/2025 19:00,14.60424486
644,8/27/2025 20:00,5.435709316
645,8/27/2025 21:00,0.809991609
646,8/27/2025 22:00,-4.864448368
647,8/27/2025 23:00,-2.950921558
648,8/28/2025 0:00,-4.198718401
649,8/28/2025 1:00,-0.930320305
650,8/28/2025 2:00,0.142807328
651,8/28/2025 3:00,-2.908631364
652,8/28/2025 4:00,7.017116074
653,8/28/2025 5:00,7.891011641
654,8/28/2025 6:00,9.700868687
655,8/28/2025 7:00,33.76013327
656,8/28/2025 8:00,25.13535601
657,8/28/2025 9:00,53.20273401
658,8/28/2025 10:00,74.75354129
659,8/28/2025 11:00,72.51059568
660,8/28/2025 12:00,111.0550975
661,8/28/2025 13:00,82.65375142
662,8/28/2025 14:00,88.80044244
663,8/28/2025 15:00,59.77236324
664,8/28/2025 16:00,44.89264391
665,8/28/2025 17:00,30.92205155
666,8/28/2025 18:00,20.94964259
667,8/28/2025 19:00,14.52458324
668,8/28/2025 20:00,5.410332165
669,8/28/2025 21:00,0.820700686
670,8/28/2025 22:00,-4.954132862
671,8/28/2025 23:00,-3.103643331
672,8/29/2025 0:00,-4.45175568
673,8/29/2025 1:00,-1.155687735
674,8/29/2025 2:00,0.162282521
675,8/29/2025 3:00,-2.96324971
676,8/29/2025 4:00,6.901209275
677,8/29/2025 5:00,8.027137191
678,8/29/2025 6:00,9.694771828
679,8/29/2025 7:00,33.58529278
680,8/29/2025 8:00,25.43010322
681,8/29/2025 9:00,52.76540898
682,8/29/2025 10:00,74.12063079
683,8/29/2025 11:00,72.29275935
684,8/29/2025 12:00,110.1638418
685,8/29/2025 13:00,83.07500681
686,8/29/2025 14:00,89.22667295
687,8/29/2025 15:00,60.77562166
688,8/29/2025 16:00,45.66298083
689,8/29/2025 17:00,31.36221902
690,8/29/2025 18:00,20.96026399
691,8/29/2025 19:00,14.44903568
692,8/29/2025 20:00,5.376257844
693,8/29/2025 21:00,0.822173564
694,8/29/2025 22:00,-5.04441094
695,8/29/2025 23:00,-3.253860635
696,8/30/2025 0:00,-4.698673868
697,8/30/2025 1:00,-1.388280505
698,8/30/2025 2:00,0.171102976
699,8/30/2025 3:00,-3.012297866
700,8/30/2025 4:00,6.782446532
701,8/30/2025 5:00,8.152470583
702,8/30/2025 6:00,9.69306091
703,8/30/2025 7:00,33.40532643
704,8/30/2025 8:00,25.7132094
705,8/30/2025 9:00,52.35021528
706,8/30/2025 10:00,73.50536802
707,8/30/2025 11:00,72.07304728
708,8/30/2025 12:00,109.2860573
709,8/30/2025 13:00,83.46397289
710,8/30/2025 14:00,89.62582108
711,8/30/2025 15:00,61.75508364
712,8/30/2025 16:00,46.43817588
713,8/30/2025 17:00,31.82435514
714,8/30/2025 18:00,20.99870915
715,8/30/2025 19:00,14.37911358
716,8/30/2025 20:00,5.334810591
717,8/30/2025 21:00,0.814731199
718,8/30/2025 22:00,-5.135815514
719,8/30/2025 23:00,-3.402127751
720,8/31/2025 0:00,-4.939381505
721,8/31/2025 1:00,-1.627087655
722,8/31/2025 2:00,0.169218113
723,8/31/2025 3:00,-3.056577926
724,8/31/2025 4:00,6.661460253
725,8/31/2025 5:00,8.267577364
726,8/31/2025 6:00,9.695307068
727,8/31/2025 7:00,33.22086816
728,8/31/2025 8:00,25.98484234
729,8/31/2025 9:00,51.95576411
730,8/31/2025 10:00,72.90757074
731,8/31/2025 11:00,71.85231199
732,8/31/2025 12:00,108.4217508
733,8/31/2025 13:00,83.82205644
734,8/31/2025 14:00,89.99891061
735,8/31/2025 15:00,62.71079067
736,8/31/2025 16:00,47.21678847
737,8/31/2025 17:00,32.30699775
738,8/31/2025 18:00,21.06458153
739,8/31/2025 19:00,14.31617868
740,8/31/2025 20:00,5.2872737
741,8/31/2025 21:00,0.798754542
742,8/31/2025 22:00,-5.228797186
743,8/31/2025 23:00,-3.548993731
